"state","location","any.both_sexes_2002","any.females_2002","any.males_2002","any.both_sexes_2003","any.females_2003","any.males_2003","any.both_sexes_2004","any.females_2004","any.males_2004","any.both_sexes_2005","any.females_2005","any.males_2005","any.both_sexes_2006","any.females_2006","any.males_2006","any.both_sexes_2007","any.females_2007","any.males_2007","any.both_sexes_2008","any.females_2008","any.males_2008","any.both_sexes_2009","any.females_2009","any.males_2009","any.both_sexes_2010","any.females_2010","any.males_2010","any.both_sexes_2011","any.females_2011","any.males_2011","any.both_sexes_2012","any.females_2012","any.males_2012"
"Montana","Beaverhead County",59.4,53.4,65.7,61.4,55.2,67.8,60.3,54.2,66.6,60.4,54.6,66.5,60.5,55.2,66.1,61,55.5,66.7,62.2,57,67.5,62,57.1,67.1,61,56.7,65.5,61.8,57.8,65.9,61,56.5,65.5
"Montana","Big Horn County",46.5,39,54.2,47.4,39.2,55.9,45.8,37.4,54.6,44.6,36,53.5,44.4,36,53.2,45,36,54.3,46.6,37,56.5,46.9,37.3,56.8,46.1,36.9,55.7,46.4,37.4,55.8,46.1,36.8,55.6
"Montana","Blaine County",49.3,38.4,60.6,51.2,40,62.7,50.5,39.5,62,49.7,39,60.8,50.8,40.5,61.5,52.8,42,63.9,53.9,43.6,64.5,53.7,44.2,63.5,54.1,45.5,62.9,56.2,47.7,65.1,55.5,46.5,64.9
"Montana","Broadwater County",56.2,50.1,62.5,58,51.7,64.5,56.9,50.7,63.4,57.6,51.4,64,58.4,52.6,64.3,59.4,53.4,65.6,60.1,54.4,66,61,55.2,66.9,61,55.6,66.6,61.2,56,66.6,61,55.3,67
"Montana","Carbon County",66.6,59.1,74.4,67.8,60.2,75.7,67.5,59.7,75.6,66.2,58.5,74.2,66.4,59.2,73.8,67.7,60.5,75.2,68.7,62.2,75.5,68.3,62.3,74.5,67.2,61.7,72.9,67.9,62.7,73.4,66.9,61.5,72.6
"Montana","Carter County",58.2,51.2,65.5,59.3,51.9,67,57.9,50.1,66,56.9,48.9,65.2,56.6,48.6,65,56.5,48.1,65.3,56.6,49.2,64.3,52.9,46.5,59.6,53.2,47.5,59.2,54.2,48.8,59.9,53.2,47.5,59
"Montana","Cascade County",62.9,56.6,69.4,63.4,57,69.9,61.8,55.4,68.4,62,55.6,68.6,62.2,56.3,68.4,62.5,56.2,68.9,62.6,56.3,69,61.9,56.2,67.8,62.3,57,67.7,62,57.3,66.9,60.5,55.4,65.8
"Montana","Chouteau County",61,52.2,70.2,61.2,52.4,70.3,59.8,50.8,69.1,59,50.1,68.2,58.3,50,66.9,59.5,50.9,68.4,60.3,52.1,68.8,59.8,52.3,67.7,60.4,53.3,67.8,61.3,54.4,68.4,60.5,53.2,68.1
"Montana","Custer County",60.3,52.3,68.7,61.2,53.2,69.6,59.7,51.7,68,59.3,51.4,67.6,59,51.7,66.7,60.5,53.1,68.2,59.3,52.7,66.1,60.3,54.5,66.3,59.7,54.7,64.8,60.4,55.9,64.9,58.9,54.4,63.5
"Montana","Daniels County",60.9,52.8,69.3,60.6,52.4,69.1,57.2,48.7,66.1,54.6,46.1,63.4,52.6,44.3,61.1,51.2,42.9,59.7,49.3,41.1,57.8,46.3,38.3,54.6,45.2,37.8,52.8,44.8,37.9,52,43.9,36.9,51.3
"Montana","Dawson County",59.4,52.3,66.9,60.1,52.8,67.6,58.4,50.9,66.2,57.2,49.6,65.1,57.6,50.3,65.2,57.7,50.4,65.3,57.8,51.2,64.7,58,52.2,64,57.7,52.5,63.1,57.9,53.2,62.7,56.8,52,61.8
"Montana","Deer Lodge County",59.5,52.9,66.2,61,54.5,67.7,58.8,52.7,65.1,58.9,53.3,64.7,60,55,65.2,60.1,55.3,65.1,61.9,57.1,66.9,63,59,67.2,63,59.9,66.3,64.6,61.9,67.5,62.8,59.6,66.1
"Montana","Fallon County",60.1,49.9,70.6,58.9,49,69.2,58,48.1,68.2,60.8,50.7,71.3,59.1,49.7,68.8,60,50.7,69.7,61.2,53.1,69.6,61.9,54.5,69.6,62,55.3,69.1,63.1,56.7,69.6,61.9,55.4,68.6
"Montana","Fergus County",61.3,52,71,62.5,53.4,72,61.3,52.3,70.7,60.9,52.2,70,61,52.9,69.4,61.1,53.2,69.3,62.9,55.6,70.5,61.3,54.5,68.3,62.2,56.2,68.5,62.7,57.2,68.3,61.5,55.8,67.5
"Montana","Flathead County",63.7,57.8,69.7,64.6,58.8,70.8,63.2,57.4,69.2,63.5,57.8,69.4,64.6,59.2,70.2,64.3,58.8,69.9,64.8,59.4,70.5,64.8,59.8,70,64.6,60.4,69,65.6,61.8,69.5,64,59.5,68.7
"Montana","Gallatin County",70.2,64.6,76.1,70.6,64.8,76.5,69.2,63.4,75.2,69,63.3,75,69.4,63.9,75.1,69.2,63.6,75,69.8,64.4,75.5,68.8,63.6,74.2,68.9,64.1,73.9,69.1,64.5,73.9,67.9,62.9,73.2
"Montana","Garfield County",58.3,50.8,66.2,60.9,53.1,69,59.9,52.1,68,58.9,51.3,66.8,58.9,51.9,66.2,60.4,53.3,67.6,60.1,53.3,67.2,59.7,54.1,65.4,58.8,53.6,64.2,59,54.1,64,59.3,54.1,64.8
"Montana","Glacier County",47.9,42,53.9,50.2,43.7,56.8,48.9,42.7,55.4,48.9,42.7,55.3,49.5,43.6,55.5,51.2,44.9,57.7,52.3,45.7,59.2,51.5,45.6,57.6,52.7,46.8,58.8,52.6,47,58.5,52.1,45.7,58.7
"Montana","Golden Valley County",59.2,53.3,65.3,61.2,54.8,67.9,60.3,53.7,67.1,60.4,53.8,67.3,60.5,54.2,67.1,61.4,55,68,62.5,55.8,69.4,62.3,55.2,69.7,63.4,57.2,69.8,62.8,57,68.8,63.4,57.3,69.7
"Montana","Granite County",63.1,56,70.4,64.3,57,71.8,63.1,55.7,70.8,63.1,55.6,70.9,63.2,56.1,70.6,64,56.3,71.9,65.2,57.8,72.9,64.2,57.4,71.2,65.3,59.3,71.5,65.7,60.2,71.5,64.1,57.4,71
"Montana","Hill County",59.1,51.3,67.2,59.6,51.8,67.7,58,50,66.3,58.3,50.2,66.6,57.9,50.3,65.7,58.2,50.3,66.3,58.8,51,66.8,58.8,51.8,66.1,58.7,52.2,65.5,58.4,52,65,58.2,51.2,65.5
"Montana","Jefferson County",65.9,60.8,71.2,67,61.7,72.6,65.6,60.2,71.2,66.3,60.8,72,66.1,60.9,71.4,66.6,61.2,72.2,67.9,62.4,73.6,68.4,62.6,74.4,68,62.5,73.7,68.7,63.3,74.3,68.1,62.2,74.2
"Montana","Judith Basin County",65.4,59,72,66.8,60.3,73.4,66.2,59.7,73,65.5,59,72.1,66,60,72.3,66.8,60.6,73.3,67.6,61.9,73.4,67.2,62.3,72.4,67.8,63.3,72.5,68,63.9,72.3,67.7,63.1,72.4
"Montana","Lake County",58.1,51.1,65.3,59.9,52.9,67.3,58.5,51.3,65.8,59.7,52.4,67.2,59.5,52.7,66.5,59.5,52.7,66.6,60,53.4,66.9,61.1,55.4,66.9,60.8,55.7,66,60.5,56.2,65,59.2,54,64.7
"Montana","Lewis and Clark County",65.1,59.3,71.1,65.7,59.8,71.8,64.1,58.2,70.3,64.2,58.2,70.4,64.9,59.1,70.9,65.2,59.1,71.6,65.7,59.7,71.8,65.9,60,72,65.4,59.8,71.1,65.8,60.4,71.3,65.1,59.2,71.2
"Montana","Liberty County",59.6,51.3,68.2,60.7,52.4,69.4,59.4,51,68.1,57.8,49.6,66.4,57.8,50,65.9,58,50,66.3,57.3,49.7,65.2,57.8,51.8,64,56.3,51.6,61.1,56.1,52,60.4,56.1,51.4,61
"Montana","Lincoln County",57,48.7,65.6,58.9,50.8,67.2,58.1,50.7,65.9,58.3,51.5,65.3,60.3,54.3,66.5,61.5,55.8,67.4,61.6,56.6,66.8,62.4,58.1,66.9,64,60.6,67.6,63.8,61.5,66.1,63.1,60,66.2
"Montana","Madison County",66.4,61.4,71.6,68,62.6,73.5,67.9,62.2,73.8,67.3,61.6,73.1,67.6,62.2,73.3,68.5,62.7,74.6,69.4,64.2,74.8,69.4,64.5,74.5,69.4,65,74.1,69.7,65.5,74.2,68.7,63.9,73.6
"Montana","McCone County",60.4,54.7,66.3,62.7,56.6,69,62,55.6,68.6,61.1,54.5,67.9,61.6,55.3,68.2,62.8,56.4,69.5,62.9,57.1,68.9,61.3,55.8,67,62.1,57.1,67.2,62.4,57.6,67.4,61.5,56.3,66.7
"Montana","Meagher County",60.2,52.5,68.1,62.1,54.5,70,61.7,54.2,69.5,61.8,54.5,69.4,61.9,55.2,68.9,63.5,56.5,70.7,63.1,56.4,70,64.2,57.7,70.9,64.5,58.4,70.9,64.9,59.2,70.9,63.9,57.6,70.4
"Montana","Mineral County",55.3,44.6,66.3,59,48.8,69.6,58.5,48.9,68.5,59.4,50.4,68.7,58.6,50.8,66.7,60.2,52.6,68.1,61.1,53.8,68.7,62.3,56.1,68.8,63.4,58.3,68.8,64.5,60.3,68.8,63.4,58.5,68.5
"Montana","Missoula County",66.4,61.5,71.4,67.2,62.3,72.2,65.7,60.8,70.7,65.7,60.9,70.8,65.3,60.9,69.9,66,61.2,70.9,65.9,61.3,70.6,66.1,62,70.3,66.7,63.2,70.2,66,63.2,68.9,65.8,62.2,69.6
"Montana","Montana",62.4,56,69,63.3,56.8,70,62,55.4,68.7,61.9,55.4,68.6,62.3,56.2,68.7,62.9,56.6,69.4,63.3,57.2,69.6,63.2,57.6,69,63.2,58.1,68.4,63.4,58.8,68.2,62.4,57.4,67.7
"Montana","Musselshell County",60.3,52.9,68.1,61.5,53.8,69.4,60.5,52.7,68.5,57.9,50.4,65.6,57.8,50.9,65,57.8,50.8,65,58.6,51.2,66.3,59.6,52.8,66.6,60.5,54.1,67.2,59.4,53.4,65.5,57.9,51.8,64.2
"Montana","Park County",65.9,58.3,73.8,67.1,59.3,75.1,66.7,58.8,74.8,67.1,59.2,75.3,67.3,59.8,75,68.2,60.6,76.1,68.7,61.4,76.3,68.3,61.2,75.7,68.8,62.2,75.6,70,63.6,76.6,68.7,62,75.7
"Montana","Petroleum County",61.8,53.7,70.1,64.7,56.3,73.3,63.9,55.6,72.6,62.8,54.6,71.3,62.5,54.8,70.4,63.4,55.7,71.3,65,58,72.3,64.4,58.6,70.5,65.8,60.6,71.3,67.1,62.2,72.3,65.8,60.7,71.2
"Montana","Phillips County",58.3,49.5,67.3,59.9,51,69.2,59.1,50.1,68.4,58.9,50,68.1,59.7,51.2,68.5,61.2,52.6,70.1,62.6,54.5,70.9,62.8,54.7,71.1,63.3,55.8,71.1,66.1,58.6,73.7,65.4,57.7,73.4
"Montana","Pondera County",57.5,49.8,65.5,57,49.4,64.9,55.2,47.9,62.8,53.9,47,61.1,52.7,46.3,59.2,54.6,48.2,61.3,54.6,48.1,61.5,54.6,48.6,60.7,54.3,48.9,60,54.3,49.4,59.4,53.2,47.8,58.9
"Montana","Powder River County",60.2,52.7,68.1,61.6,54,69.5,60.8,53.2,68.8,60.8,53.2,68.6,61.1,54.1,68.4,61.5,54.6,68.7,62.5,56.2,69.1,63.1,56.6,69.9,63.4,57.8,69.2,64.6,59.3,70.1,64.2,58.8,69.8
"Montana","Powell County",61.9,56.7,67.3,64.2,58.9,69.8,62.8,57.6,68.2,63.3,58.2,68.5,62.7,58.3,67.3,63.8,59.2,68.6,63.7,59.3,68.2,62.8,59,66.8,62.4,58.9,65.9,62.8,59.8,66,61.5,57.7,65.4
"Montana","Prairie County",55.1,45.2,65.3,57.1,47.2,67.3,56.7,46.8,66.9,56.8,47.2,66.8,57.5,48.4,66.9,59.3,50.4,68.5,61.6,53.9,69.5,62.3,55.5,69.3,62.3,56.8,68,63.5,58.5,68.8,62.2,57,67.5
"Montana","Ravalli County",63.3,58.7,68.1,64,59.2,69,62.7,57.8,67.8,62.6,57.7,67.7,62.7,57.9,67.7,63.2,57.7,68.9,63,57.3,68.8,62.3,57.1,67.7,61.3,56.9,65.9,62.3,58,66.7,61,56.2,65.9
"Montana","Richland County",58.1,50.8,65.8,58,50.8,65.5,57.5,50.1,65.1,56.2,48.9,63.8,58,51,65.4,58.5,51.5,65.7,59.4,52.9,66.2,60.2,54,66.6,60,54.4,65.8,61,55.7,66.4,59.9,54.4,65.6
"Montana","Roosevelt County",48.4,40.3,56.9,49,40.8,57.4,47.5,39.2,56,46.4,38.2,55,48.2,39.9,56.8,46.9,39,55.2,49.1,40.8,57.7,47,39.1,55.2,47.7,40,55.7,48.9,41.2,56.9,48.1,40.2,56.3
"Montana","Rosebud County",52.7,43.1,62.7,53,43.1,63.2,51.2,41.3,61.3,49.6,39.8,59.7,50.3,40.7,60.4,51,41.1,61.2,50.1,40.7,59.8,52,42.9,61.5,51.4,43,60,51.8,43.6,60.2,50.9,42.6,59.6
"Montana","Sanders County",56.5,48.6,64.7,58.9,51,67.1,58.4,50.7,66.4,58.7,51.2,66.4,59.2,52.3,66.3,61.2,54.1,68.6,62.3,55.4,69.4,62.5,56.2,69.1,63.7,58,69.6,64.2,59.1,69.4,60.9,55.3,66.8
"Montana","Sheridan County",62.2,57.5,66.9,61.9,56.8,67.2,61.1,55.3,67.1,57.1,50.9,63.5,55.5,49.2,62,54.3,47.6,61.3,53.9,47.1,60.9,54.5,48.5,60.8,53.3,47.5,59.3,53.5,47.8,59.4,53.1,47.2,59.1
"Montana","Silver Bow County",62.1,58.1,66.2,62.7,58.8,66.8,61.5,57.7,65.5,62.1,58.4,65.9,62.2,59.2,65.3,62.9,59.8,66.1,63.6,60.7,66.6,63.6,61.5,65.7,62.2,61,63.5,62.8,62.1,63.4,61.4,60.3,62.6
"Montana","Stillwater County",64.8,57,72.9,67.2,59.2,75.5,64.6,56.5,73,65,56.9,73.4,65,57.3,73,65.6,57.8,73.7,66.3,58.7,74.2,66.9,59.7,74.3,66.5,59.8,73.5,65.3,59,71.9,64.3,57.8,71.1
"Montana","Sweet Grass County",65,60.3,70,66.1,60.8,71.6,64.6,58.8,70.5,64.1,58,70.4,64.3,58.2,70.6,64.9,58.3,71.8,64.6,58.1,71.4,63.8,57.3,70.6,63.6,57.4,69.9,63.5,57.4,69.8,62.5,56.2,69
"Montana","Teton County",58.5,52.7,64.4,59.5,53.5,65.7,58.4,52.2,64.8,57.8,51.6,64.3,57.8,51.8,64.1,58.7,52.3,65.3,58.9,52.3,65.7,58.4,52.3,64.6,58.6,53,64.4,58.8,53.4,64.3,58.2,52.2,64.4
"Montana","Toole County",61.4,53.5,69.6,64.5,56.5,72.8,62.6,54.7,70.7,63.4,55.7,71.4,63.6,56.5,70.9,65.6,58.3,73.1,66.1,59.9,72.6,66.4,60.6,72.5,67.1,61.7,72.7,66.9,62,72,66.8,61.3,72.6
"Montana","Treasure County",64.7,57.9,71.7,60.9,54.3,67.8,63.9,56.6,71.4,58.9,51.9,66.2,58.9,52.3,65.8,59.9,52.9,67.1,61.5,55,68.4,62.2,56.6,68.1,62.6,57.7,67.6,62.8,58.4,67.3,61.6,57.1,66.3
"Montana","Valley County",60.9,53,69.1,62.3,54.5,70.5,62,54.1,70.3,59.9,52.1,68,62.5,55,70.2,62.1,54.8,69.7,62.3,55.3,69.7,63,56.6,69.5,63.3,57.9,68.8,62,57.2,66.9,61.2,56.3,66.3
"Montana","Wheatland County",57.5,51.5,63.7,59.9,53.7,66.3,59.1,52.9,65.5,59.3,53.1,65.7,59.7,54,65.5,61,55.2,66.9,59,52.5,65.8,58.9,53,64.9,59.8,54.3,65.4,59.2,54.1,64.6,57.9,52.5,63.5
"Montana","Wibaux County",59.2,53.3,65.4,60.8,54.5,67.4,59.6,52.9,66.6,58.6,51.6,65.8,58.3,51.7,65.2,59.4,52.6,66.4,58.9,52.4,65.7,58.7,52.4,65.1,57.9,52,64,58.1,52.4,64,57.2,51.3,63.3
"Montana","Yellowstone County",61.6,54.5,69.1,62.2,54.7,69.9,60.6,52.9,68.5,60.3,52.6,68.4,61,53.5,68.8,62.1,54.5,70.1,62.4,55.1,69.9,62.4,55.7,69.3,62.1,56,68.4,62.4,56.6,68.4,61.5,55.8,67.4
